# Host: localhost  (Version: 5.5.25a)
# Date: 2018-07-10 01:54:34
# Generator: MySQL-Front 5.3  (Build 4.13)

/*!40101 SET NAMES utf8 */;

#
# Source for table "dept"
#

DROP TABLE IF EXISTS `dept`;
CREATE TABLE `dept` (
  `DEPTNO` int(2) NOT NULL AUTO_INCREMENT,
  `DNAME` varchar(14) DEFAULT NULL,
  `LOC` varchar(13) DEFAULT NULL,
  PRIMARY KEY (`DEPTNO`)
) ENGINE=InnoDB AUTO_INCREMENT=41 DEFAULT CHARSET=utf8;

#
# Data for table "dept"
#

INSERT INTO `dept` VALUES (10,'ACCOUNTING','NEW YORK'),(20,'RESEARCH','DALLAS'),(30,'SALES','CHICAGO'),(40,'OPERATIONS','BOSTON');

#
# Source for table "emp"
#

DROP TABLE IF EXISTS `emp`;
CREATE TABLE `emp` (
  `EMPNO` int(4) NOT NULL,
  `ENAME` varchar(10) DEFAULT NULL,
  `JOB` varchar(9) DEFAULT NULL,
  `MGR` int(4) DEFAULT NULL,
  `SAL` double(7,2) DEFAULT NULL,
  `COMM` double(7,2) DEFAULT NULL,
  `DEPTNO` int(2) DEFAULT NULL,
  PRIMARY KEY (`EMPNO`)
) ENGINE=InnoDB DEFAULT CHARSET=utf8;

#
# Data for table "emp"
#

INSERT INTO `emp` VALUES (7369,'SMITH','CLERK',7902,800.00,NULL,20),(7499,'ALLEN','SALESMAN',7698,1600.00,300.00,30),(7521,'WARD','SALESMAN',7698,1250.00,500.00,30),(7566,'JONES','MANAGER',7839,2975.00,NULL,20),(7654,'MARTIN','SALESMAN',7698,1250.00,1400.00,30),(7698,'BLAKE','MANAGER',7839,2850.00,NULL,30),(7782,'CLARK','MANAGER',7839,2450.00,NULL,10),(7788,'SCOTT','ANALYST',7566,3000.00,NULL,20),(7839,'KING','PRESIDENT',NULL,5000.00,NULL,10),(7844,'TURNER','SALESMAN',7698,1500.00,0.00,30),(7876,'ADAMS','CLERK',7788,1100.00,NULL,20),(7900,'JAMES','CLERK',7698,950.00,NULL,30),(7902,'FORD','ANALYST',7566,3000.00,NULL,20),(7934,'MILLER','CLERK',7782,1300.00,NULL,10);

#
# Source for table "salgrade"
#

DROP TABLE IF EXISTS `salgrade`;
CREATE TABLE `salgrade` (
  `GRADE` int(11) DEFAULT NULL,
  `LOSAL` int(11) DEFAULT NULL,
  `HISAL` int(11) DEFAULT NULL
) ENGINE=InnoDB DEFAULT CHARSET=utf8;

#
# Data for table "salgrade"
#

INSERT INTO `salgrade` VALUES (1,700,1200),(2,1201,1400),(3,1401,2000),(4,2001,3000),(5,3001,9999);
